City_ID,City,Lat,Lng,Max Temp,Humidity,Cloudiness,Wind Speed,Country,Date
0,irymple,-34.25,142.1667,25.05,36,100,3.36,AU,1699938171
1,yellowknife,62.456,-114.3525,-3.71,86,100,5.66,CA,1699938110
2,iqaluit,63.7506,-68.5145,-17.95,59,0,3.09,CA,1699938023
3,kushikino,31.7167,130.2667,16.71,56,10,3.41,JP,1699938171
4,puerto baquerizo moreno,-0.9,-89.6,23.72,82,91,4.46,EC,1699938171
5,chibougamau,49.9168,-74.3659,-5.21,93,100,3.09,CA,1699938172
6,georgetown,5.4112,100.3354,30.96,74,20,4.12,MY,1699938172
7,edinburgh of the seven seas,-37.0676,-12.3116,13.5,76,12,11.67,SH,1699938172
8,port-aux-francais,-49.35,70.2167,6.25,96,100,14.09,TF,1699938167
9,san antonio de pale,-1.4014,5.6325,26.15,79,18,3.23,GQ,1699938172
10,puerto natales,-51.7236,-72.4875,0.11,86,81,3.75,CL,1699938172
11,bengkulu,-3.8004,102.2655,27.33,83,90,3.09,ID,1699938173
12,hithadhoo,-0.6,73.0833,27.6,79,64,4.81,MV,1699938173
13,coahuayana de hidalgo,18.7,-103.6583,25.61,83,10,1.32,MX,1699938173
14,namibe,-15.1961,12.1522,22.2,70,93,2.0,AO,1699938173
15,margaret river,-33.95,115.0667,20.95,61,98,5.46,AU,1699938174
16,bamboo flat,11.7,92.7167,30.05,79,75,2.57,IN,1699938174
17,waitangi,-43.9535,-176.5597,16.01,86,15,1.79,NZ,1699938174
18,grytviken,-54.2811,-36.5092,1.59,98,100,3.22,GS,1699938174
19,bethel,41.3712,-73.414,4.79,81,30,1.71,US,1699938006
20,whitehorse,60.7161,-135.0538,-5.5,85,75,2.06,CA,1699938175
21,gadzhiyevo,69.2551,33.3362,-9.08,98,95,1.42,RU,1699938175
22,fort bragg,35.139,-79.006,10.46,86,0,0.0,US,1699938175
23,sokhumi,43.0033,41.0153,17.86,67,100,3.38,GE,1699938175
24,prince rupert,54.3161,-130.3201,7.05,67,75,5.14,CA,1699938051
25,vrangel',42.7297,133.0839,3.43,39,0,4.07,RU,1699938175
26,puerto santa,-8.9906,-78.6456,18.82,91,12,3.54,PE,1699938175
27,ancud,-41.8697,-73.8203,8.65,56,61,6.2,CL,1699938051
28,west island,-12.1568,96.8225,28.99,74,40,5.14,CC,1699938176
29,ust-nera,64.5667,143.2,-30.33,99,55,2.37,RU,1699938176
30,east london,-33.0153,27.9116,14.52,94,75,1.54,ZA,1699938176
31,magdagachi,53.45,125.8,-4.42,53,100,0.38,RU,1699938176
32,saint-philippe,-21.3585,55.7679,26.77,75,61,3.63,RE,1699938176
33,pubal,37.2917,127.5078,10.69,48,11,3.16,KR,1699938176
34,churapcha,62.0025,132.4325,-19.74,97,85,1.22,RU,1699938177
35,silway 7,6.1771,125.1207,33.03,55,20,3.6,PH,1699938177
36,codrington,-38.2667,141.9667,16.01,61,100,4.97,AU,1699938177
37,ugoofaaru,5.6667,73.0,27.31,77,63,1.65,MV,1699938177
38,isafjordur,66.0755,-23.124,1.39,84,42,3.1,IS,1699938177
39,hsinchu,24.8036,120.9686,21.59,78,95,1.34,TW,1699938177
40,lebanon,36.2081,-86.2911,11.92,68,75,0.0,US,1699937972
41,emerald,-23.5333,148.1667,35.75,24,0,3.01,AU,1699938178
42,adamstown,-25.066,-130.1015,22.91,87,100,7.91,PN,1699938178
43,ilomantsi,62.6716,30.9328,-1.84,92,92,3.81,FI,1699938178
44,okhotsk,59.3833,143.3,-14.35,77,70,6.2,RU,1699938178
45,vieux-habitants,16.0589,-61.7659,25.76,76,46,6.11,GP,1699938178
46,aasiaat,68.7098,-52.8699,-11.44,82,100,0.92,GL,1699938179
47,camana,-16.6228,-72.7111,18.83,86,35,2.62,PE,1699938179
48,polyarnyy,69.1989,33.4478,-9.06,97,95,1.26,RU,1699938179
49,egilsstadir,65.2653,-14.3948,2.95,93,75,1.54,IS,1699938179
50,tisul',55.7611,88.3122,-1.15,87,94,4.5,RU,1699938179
51,calvinia,-31.4707,19.776,16.79,43,1,5.66,ZA,1699938179
52,la passe,45.5549,-0.8967,15.13,88,100,4.41,FR,1699938180
53,bredasdorp,-34.5322,20.0403,15.88,78,48,6.78,ZA,1699937899
54,utrik,11.2278,169.8474,28.03,80,100,8.23,MH,1699938181
55,conduaga,8.862,117.4893,30.13,70,97,2.69,PH,1699938181
56,st. john's,47.5649,-52.7093,0.08,82,100,2.06,CA,1699938036
57,damghan,36.1683,54.348,15.27,38,96,0.89,IR,1699938181
58,lebu,-37.6167,-73.65,8.78,90,33,4.5,CL,1699938181
59,bcharre,34.2508,36.0106,10.18,93,66,0.77,LB,1699938182
60,ilulissat,69.2167,-51.1,-3.99,63,100,6.17,GL,1699938183
61,port alfred,-33.5906,26.891,15.66,88,64,1.34,ZA,1699938183
62,armidale,-30.5167,151.65,29.79,19,2,4.67,AU,1699938183
63,tazovsky,67.4667,78.7,-17.81,98,61,3.68,RU,1699938184
64,mizdah,31.4451,12.9801,13.32,85,0,0.31,LY,1699938184
65,sona,45.4388,10.8255,6.42,72,71,0.16,IT,1699938185
66,bilibino,68.0546,166.4372,-29.23,100,100,0.77,RU,1699938185
67,nova sintra,14.8667,-24.7167,23.72,71,99,5.31,CV,1699938185
68,qaqortoq,60.7167,-46.0333,-6.04,91,96,2.14,GL,1699938185
69,katsuura,35.1333,140.3,13.99,49,33,2.03,JP,1699938186
70,puerto ayora,-0.7393,-90.3518,23.08,100,73,2.68,EC,1699938186
71,kodiak,57.79,-152.4072,3.45,69,6,7.64,US,1699938186
72,thompson,55.7435,-97.8558,-2.91,93,100,1.54,CA,1699938116
73,jianshui,23.6363,102.8264,19.24,80,100,2.22,CN,1699938187
74,nova vicosa,-17.8919,-39.3719,24.09,84,42,6.25,BR,1699938187
75,howard springs,-12.497,131.047,32.95,64,55,1.51,AU,1699938187
76,chonchi,-42.6128,-73.8092,3.56,91,83,1.45,CL,1699938136
77,san fernando,15.0286,120.6898,32.85,55,93,6.18,PH,1699938187
78,ushuaia,-54.8,-68.3,0.81,75,0,2.06,AR,1699938187
79,xai-xai,-25.0519,33.6442,20.27,84,100,5.64,MZ,1699938188
80,tchintabaraden,15.8969,5.7985,21.07,16,0,4.28,NE,1699938188
81,port lincoln,-34.7333,135.8667,17.28,67,53,4.68,AU,1699938188
82,ulsteinvik,62.3432,5.8487,2.64,77,2,2.24,NO,1699938188
83,stanley,54.868,-1.6985,8.77,92,75,2.06,GB,1699938189
84,colares,38.7992,-9.4469,16.85,92,56,4.02,PT,1699938189
85,maposeni,-10.5833,35.4,22.53,84,74,1.37,TZ,1699938189
86,mala,-12.6581,-76.6308,19.43,87,73,1.63,PE,1699938189
87,petropavlovsk-kamchatsky,53.0452,158.6483,-3.08,74,0,12.52,RU,1699938189
88,kayenta,36.7278,-110.2546,8.96,27,100,1.46,US,1699938190
89,san andres,12.5847,-81.7006,26.01,94,20,2.06,CO,1699938190
90,revda,56.801,59.9303,2.84,96,100,5.5,RU,1699938190
91,geraldton,-28.7667,114.6,27.23,61,69,5.14,AU,1699938081
92,abadan,30.3392,48.3043,19.97,64,18,1.03,IR,1699938190
93,blackmans bay,-43.0167,147.3167,15.96,53,10,1.79,AU,1699938190
94,papatowai,-46.5619,169.4708,11.91,78,67,7.04,NZ,1699938191
95,badger,64.8,-147.5333,-2.86,93,100,0.95,US,1699938191
96,pandan,14.0453,124.1694,27.42,86,92,7.58,PH,1699938191
97,ar ruseris,11.8659,34.3869,28.06,48,3,1.09,SD,1699938191
98,quesnel,52.9999,-122.5029,1.28,93,100,0.0,CA,1699938191
99,orikhiv,47.5673,35.7858,5.21,80,48,2.53,UA,1699938192
100,albany,42.6001,-73.9662,0.73,87,65,1.35,US,1699938192
101,spas-demensk,54.4122,34.0226,2.87,84,100,5.28,RU,1699938192
102,barinas,8.6226,-70.2075,23.8,90,91,1.65,VE,1699938192
103,proletariy,58.4342,31.7046,0.63,97,99,3.25,RU,1699938192
104,iskateley,67.6803,53.1512,-7.77,96,100,4.02,RU,1699938193
105,olonkinbyen,70.9221,-8.7187,-1.33,78,97,4.02,SJ,1699938193
106,camalu,30.85,-116.0667,17.29,48,100,2.0,MX,1699938193
107,udachny,66.4167,112.4,-6.97,85,100,3.52,RU,1699938193
108,souillac,-20.5167,57.5167,27.21,69,75,4.63,MU,1699938193
109,merida,20.9667,-89.6167,25.57,92,88,3.13,MX,1699937987
110,margate,51.3813,1.3862,13.28,81,78,5.36,GB,1699938194
111,avarua,-21.2078,-159.775,22.03,68,20,1.54,CK,1699938023
112,holdrege,40.4403,-99.3698,10.82,67,0,6.17,US,1699938194
113,minas de marcona,-15.2119,-75.1103,13.47,89,66,6.08,PE,1699938194
114,invercargill,-46.4,168.35,8.9,91,90,10.28,NZ,1699938194
115,alliston,44.1501,-79.8663,6.02,72,36,4.63,CA,1699938195
116,huarmey,-10.0681,-78.1522,19.36,90,87,4.01,PE,1699938195
117,tiksi,71.6872,128.8694,-14.15,95,100,1.84,RU,1699938195
118,acapulco de juarez,16.8634,-99.8901,27.15,81,46,2.89,MX,1699937976
119,zambezi,-13.5432,23.1047,22.66,64,99,0.85,ZM,1699938196
120,ribeira grande,38.5167,-28.7,16.54,81,100,1.34,PT,1699938196
121,lihue,21.9789,-159.3672,26.58,81,70,7.33,US,1699938196
122,gaspe,48.8334,-64.4819,-1.05,86,100,2.06,CA,1699938109
123,hermanus,-34.4187,19.2345,15.57,78,66,7.14,ZA,1699938196
124,el granada,37.5027,-122.4694,14.9,79,100,3.6,US,1699938197
125,val-d'or,48.1002,-77.7828,0.05,100,100,3.09,CA,1699938197
126,constantia,44.1833,28.65,3.38,65,54,4.69,RO,1699938197
127,kone,-21.0595,164.8658,25.69,51,6,4.08,NC,1699938197
128,soio,-6.1349,12.3689,25.75,90,86,2.15,AO,1699938197
129,rikaze,29.25,88.8833,7.36,31,47,0.83,CN,1699938197
130,puerto rico,-26.796,-55.024,21.76,99,100,1.46,AR,1699937976
131,hajnowka,52.7433,23.5812,2.23,93,100,0.89,PL,1699938198
132,grand-lahou,5.1367,-5.0242,25.69,87,1,1.86,CI,1699938198
133,afaahiti,-17.75,-149.2833,26.93,90,96,6.7,PF,1699938198
134,tamanrasset,22.785,5.5228,17.95,24,0,7.2,DZ,1699938199
135,arraial do cabo,-22.9661,-42.0278,23.29,92,48,6.86,BR,1699938116
136,vilyuchinsk,52.9306,158.4028,-2.26,71,100,2.78,RU,1699938199
137,ceerigaabo,10.6162,47.368,18.94,34,49,2.38,SO,1699938199
138,tolanaro,-25.0319,46.9987,25.04,78,20,4.12,MG,1699938200
139,quimili,-27.6333,-62.4167,18.43,75,76,2.67,AR,1699938200
140,tharad,24.3961,71.6267,27.41,22,100,2.63,IN,1699938200
141,atafu village,-8.5421,-172.5159,26.7,86,100,3.1,TK,1699938200
142,vorgashor,67.5833,63.95,-11.41,87,100,4.22,RU,1699938200
143,waingapu,-9.6567,120.2641,30.94,66,48,4.46,ID,1699938201
144,ad dilam,23.9915,47.1627,22.23,41,100,2.6,SA,1699938201
145,college,64.8569,-147.8028,-2.82,92,100,0.59,US,1699938201
146,vernon,50.2581,-119.2691,6.2,69,40,0.45,CA,1699938078
147,keflavik,64.0049,-22.5624,8.24,61,75,11.32,IS,1699938201
148,tucumcari,35.1717,-103.725,6.91,87,0,4.12,US,1699938201
149,salvador,13.8333,-88.9167,23.92,96,99,0.52,SV,1699938085
150,hamilton,39.1834,-84.5333,9.87,56,26,0.45,US,1699938005
151,porto novo,6.4965,2.6036,24.9,88,5,0.3,BJ,1699938202
152,holualoa,19.6228,-155.9522,23.77,84,49,0.45,US,1699938202
153,hawaiian paradise park,19.5933,-154.9731,22.24,94,61,0.45,US,1699938202
154,hasaki,35.7333,140.8333,18.22,35,1,1.47,JP,1699938202
155,portland,45.5234,-122.6762,8.94,91,0,1.34,US,1699937700
156,shushenskoye,53.325,91.9356,1.06,81,100,6.57,RU,1699938203
157,sinabang,2.4803,96.3801,25.73,86,100,2.49,ID,1699938203
158,undurkhaan,47.3194,110.6556,-9.62,76,14,1.54,MN,1699938203
159,coquimbo,-29.9533,-71.3436,13.85,82,1,2.06,CL,1699938167
160,peterhead,57.5058,-1.7981,8.22,77,100,9.45,GB,1699938204
161,khargone,21.8167,75.6,25.72,35,100,3.07,IN,1699938204
162,cidade velha,14.9167,-23.6167,24.26,78,0,4.63,CV,1699938204
163,hammerfest,70.6634,23.6821,-0.75,93,75,0.0,NO,1699938204
164,nova xavantina,-14.6667,-52.35,25.74,42,5,0.65,BR,1699938077
165,birecik,37.0294,37.9903,15.56,66,100,2.89,TR,1699938204
166,nouna,12.7333,-3.8667,23.31,18,2,3.57,BF,1699938204
167,najran,17.4924,44.1277,16.36,44,20,1.35,SA,1699938205
168,khash,28.2211,61.2158,18.02,21,65,1.27,IR,1699938205
169,wailua homesteads,22.0669,-159.378,26.24,86,72,0.45,US,1699938205
170,manghit,42.1156,60.0597,2.99,32,15,5.95,UZ,1699938205
171,santa ines,-3.6667,-45.38,23.7,88,11,1.55,BR,1699938205
172,mar del plata,-38.0023,-57.5575,13.38,58,0,5.36,AR,1699938206
173,jamestown,42.097,-79.2353,7.06,70,0,5.66,US,1699938092
174,cordoba,-31.4135,-64.1811,14.58,84,0,2.06,AR,1699938206
175,kindu,-2.95,25.95,21.12,100,100,0.71,CD,1699938206
176,talara,-4.5772,-81.2719,20.61,84,17,7.78,PE,1699938206
177,ust'-ilimsk,58.0006,102.6619,-1.98,95,99,4.47,RU,1699938206
178,upata,8.0086,-62.3989,24.0,89,17,2.4,VE,1699938207
179,mikomeseng,2.1361,10.6132,19.95,99,59,0.79,GQ,1699938207
180,vilyuysk,63.7553,121.6247,-10.46,94,100,2.38,RU,1699938207
181,san julian,21.0167,-102.1667,17.26,62,92,3.26,MX,1699938207
182,novodvinsk,64.4165,40.8122,-3.45,91,97,2.75,RU,1699938207
183,ritchie,-29.038,24.6028,16.56,42,3,6.81,ZA,1699938208
184,longyearbyen,78.2186,15.6401,-11.09,79,20,3.6,SJ,1699938200
185,ashibetsu,43.5097,142.1856,0.86,96,98,1.6,JP,1699938208
186,paoua,7.2427,16.4406,21.26,88,64,1.06,CF,1699938208
187,kresttsy,58.2452,32.5165,0.4,97,100,2.77,RU,1699938208
188,salekhard,66.53,66.6019,-16.98,98,100,1.3,RU,1699938208
189,east ballina,-28.8667,153.5833,27.11,74,34,6.94,AU,1699938208
190,durango,24.8333,-104.8333,12.55,83,80,1.85,MX,1699938053
191,uturoa,-16.7333,-151.4333,26.85,84,68,8.93,PF,1699938209
192,birao,10.2849,22.7882,24.64,64,31,1.19,CF,1699938151
193,illizi,26.4833,8.4667,14.89,39,1,2.67,DZ,1699938209
194,tefe,-3.3542,-64.7114,26.57,74,95,0.49,BR,1699938208
195,marathon,44.9,-89.7668,2.11,78,0,0.0,US,1699938209
196,xining,36.6167,101.7667,5.77,34,0,0.68,CN,1699938209
197,nzega,-2.479,29.5564,14.96,87,82,0.53,RW,1699938210
198,calatayud,41.3535,-1.6432,14.82,84,25,2.97,ES,1699938210
199,kavaratti,10.5669,72.642,27.64,69,70,1.01,IN,1699938210
200,yoloten,37.2989,62.3597,17.22,34,29,6.23,TM,1699938210
201,crane,31.3974,-102.3501,10.91,83,100,2.53,US,1699938210
202,kansk,56.2017,95.7175,1.16,84,100,6.82,RU,1699938210
203,levuka,50.1834,-105.4011,3.84,57,17,6.06,CA,1699938211
204,mount pearl,47.5166,-52.7813,-0.38,82,100,2.06,CA,1699938211
205,kourou,5.1552,-52.6478,25.03,90,17,2.5,GF,1699938211
206,chinde,26.8418,88.0763,20.32,46,25,2.26,NP,1699938211
207,north bend,43.4065,-124.2243,12.14,88,96,3.33,US,1699938211
208,klyuchi,52.2667,79.1667,4.62,78,93,4.04,RU,1699938212
209,susuman,62.7833,148.1667,-31.14,99,72,0.63,RU,1699938212
210,ryotsu-minato,38.0833,138.4333,11.52,61,92,5.24,JP,1699938212
211,basudebpur,21.1353,86.7386,27.48,45,100,4.38,IN,1699938212
212,bocaiuva,-17.1078,-43.815,22.84,38,4,1.39,BR,1699938165
213,nebraska city,40.6767,-95.8592,12.3,40,0,5.14,US,1699938213
214,port saint john's,-31.6229,29.5448,16.96,73,97,1.92,ZA,1699938213
215,conceicao da barra,-18.5933,-39.7322,22.08,90,68,1.89,BR,1699938087
216,harstad,68.799,16.5293,-2.69,75,12,4.92,NO,1699938213
217,knyaze-volkonskoye,48.4642,135.4567,-5.81,87,70,2.24,RU,1699938214
218,motygino,58.1831,94.7592,-4.01,82,66,4.92,RU,1699938214
219,tura,25.5198,90.2201,26.81,56,16,0.9,IN,1699938214
220,moissala,8.3404,17.7663,23.46,80,51,1.08,TD,1699938214
221,murzuq,25.9155,13.9184,17.04,52,0,4.24,LY,1699938214
222,qionghai,19.2425,110.4642,24.74,84,95,5.67,CN,1699938214
223,port elizabeth,-33.918,25.5701,17.4,75,75,5.14,ZA,1699938135
224,praia da vitoria,38.7333,-27.0667,16.53,94,20,2.72,PT,1699938215
225,saipan,15.1355,145.701,28.47,77,45,10.55,MP,1699938215
226,puerto deseado,-47.7503,-65.8938,7.64,53,92,10.02,AR,1699938119
227,west odessa,31.8424,-102.4988,11.49,89,100,3.09,US,1699938215
228,rongelap,11.1635,166.8941,27.92,82,100,7.86,MH,1699938216
229,panama city beach,30.1766,-85.8055,16.11,82,75,3.13,US,1699937974
230,pacific grove,36.6177,-121.9166,12.16,85,0,2.57,US,1699938216
231,jawf al maqbabah,13.8378,45.8349,23.37,55,39,1.1,YE,1699938216
232,pontianak,-0.0333,109.3333,32.99,59,75,3.09,ID,1699938216
233,berbera,10.4396,45.0143,27.59,68,64,3.35,SO,1699937991
234,al jawf,29.5,38.75,19.84,58,0,2.46,SA,1699938148
235,jiuquan,39.7432,98.5174,5.8,26,65,4.15,CN,1699938217
236,guymon,36.6828,-101.4816,7.0,70,0,4.63,US,1699938217
237,morozovsk,48.3539,41.8261,6.47,91,100,1.74,RU,1699938217
238,international falls,48.6011,-93.411,3.35,73,100,2.57,US,1699938217
239,nemuro,43.3236,145.575,5.09,50,18,8.88,JP,1699938217
240,bonthe,7.5264,-12.505,25.32,89,74,1.66,SL,1699938217
241,katiola,8.1333,-5.1,23.35,77,27,0.4,CI,1699938218
242,labrador city,52.9463,-66.9114,-10.05,85,100,2.06,CA,1699938028
243,yigo village,13.5361,144.8886,29.3,79,40,10.8,GU,1699938218
244,aripuana,-9.1667,-60.6333,22.8,89,65,0.81,BR,1699938218
245,opuwo,-18.0607,13.84,25.11,28,65,1.43,NA,1699938218
246,lincoln city,44.9582,-124.0179,9.89,83,100,3.13,US,1699938218
247,sretensk,52.2453,117.7093,-4.54,59,48,1.42,RU,1699938218
248,santa terezinha,-29.9002,-50.0904,20.21,97,100,0.86,BR,1699938219
249,touros,-5.1989,-35.4608,26.25,79,81,5.13,BR,1699938219
250,isla del bosque,22.7333,-105.85,25.42,76,0,2.33,MX,1699938219
251,colonia,50.9333,6.95,12.85,74,75,6.69,DE,1699938124
252,zajecar,43.9036,22.2641,7.47,74,29,2.69,RS,1699938219
253,belyy yar,53.6039,91.3903,2.94,81,0,4.0,RU,1699938219
254,ndele,8.4109,20.6473,22.94,84,84,0.22,CF,1699938219
255,vila franca do campo,37.7167,-25.4333,18.23,99,82,1.96,PT,1699938220
256,gao,16.6362,1.637,21.62,17,0,5.65,ML,1699938220
257,anadyr,64.75,177.4833,-14.72,71,4,11.62,RU,1699938220
258,rio grande,-32.035,-52.0986,18.3,96,100,2.94,BR,1699938220
259,sao jose da coroa grande,-8.8978,-35.1478,24.56,87,80,1.65,BR,1699938220
260,nueva gerona,21.8833,-82.8,25.76,77,97,7.36,CU,1699938221
261,loanda,-8.8368,13.2343,26.0,89,75,3.6,AO,1699938221
262,bogale,16.2833,95.4,30.73,66,98,4.92,MM,1699938221
263,richards bay,-28.783,32.0377,17.96,75,100,4.74,ZA,1699938221
264,talnakh,69.4865,88.3972,-22.18,94,42,1.82,RU,1699938221
265,hermansverk,61.1846,6.8502,1.25,74,100,3.09,NO,1699938222
266,inari,68.906,27.0288,-20.89,97,26,1.24,FI,1699938201
267,grayslake,42.3445,-88.0417,7.42,57,0,1.79,US,1699938106
268,el calafate,-50.3408,-72.2768,2.32,67,78,3.78,AR,1699938222
269,melgar,4.2048,-74.6407,23.38,89,80,2.12,CO,1699938222
270,ouesso,1.6136,16.0517,21.83,98,99,0.49,CG,1699938222
271,salalah,17.0151,54.0924,27.6,64,84,0.92,OM,1699938222
272,semey,50.4111,80.2275,4.12,87,100,6.0,KZ,1699938223
273,zhangjiagang,31.865,120.5389,12.82,38,0,2.6,CN,1699938223
274,tanjung pandan,-2.75,107.65,31.54,59,53,3.14,ID,1699938223
275,velikiy ustyug,60.7644,46.3106,2.44,98,100,4.92,RU,1699938223
276,nanchang,28.6833,115.8833,14.65,42,0,1.26,CN,1699938223
277,kiffa,16.6166,-11.4045,24.35,13,28,4.43,MR,1699938155
278,walvis bay,-22.9575,14.5053,15.53,88,0,0.0,NA,1699938224
279,qo'rg'ontepa,40.734,72.7628,11.23,57,0,1.0,UZ,1699938224
280,glazov,58.1394,52.6584,3.36,91,100,5.63,RU,1699938224
281,alaghsas,17.0187,8.0168,22.38,16,2,4.85,NE,1699938224
282,vernal,40.4555,-109.5287,3.14,40,0,1.54,US,1699938224
283,ndago,-4.6,34.35,20.32,74,62,1.87,TZ,1699938224
284,kruisfontein,-34.0033,24.7314,14.8,70,29,4.39,ZA,1699938225
285,kavieng,-2.5744,150.7967,28.88,67,48,2.15,PG,1699938225
286,kobelyaky,49.1489,34.1965,3.3,83,23,2.48,UA,1699938225
287,yamba,-5.9,22.3,21.5,95,100,2.01,CD,1699938225
288,caleta de carquin,-11.0925,-77.6267,19.07,90,32,5.16,PE,1699938225
289,hadibu,12.65,54.0333,27.41,80,74,5.07,YE,1699938225
290,isabela,6.7085,121.9711,32.03,74,52,0.99,PH,1699938225
291,rabo de peixe,37.8,-25.5833,17.73,99,40,1.79,PT,1699938226
292,anaconda,46.1285,-112.9423,-0.45,59,10,2.4,US,1699938226
293,tregunc,47.85,-3.85,14.92,87,100,9.17,FR,1699938226
294,sake,-1.5736,29.045,18.19,93,79,0.07,CD,1699938226
295,kiunga,-6.1219,141.2906,31.51,57,80,1.29,PG,1699938227
296,ha'il,27.5219,41.6907,20.01,52,75,2.06,SA,1699938227
297,megion,61.0296,76.1136,-7.99,87,100,4.76,RU,1699938227
298,aridaia,40.9731,22.0564,10.08,69,100,0.77,GR,1699938227
299,quellon,-43.1167,-73.6167,3.97,80,97,3.44,CL,1699938146
300,malanje,-9.5402,16.341,17.99,97,95,0.59,AO,1699938227
301,camacupa,-12.0167,17.4833,18.48,83,92,0.71,AO,1699938228
302,luganville,-15.5333,167.1667,22.89,93,100,1.38,VU,1699938085
303,kachug,53.9606,105.8817,-2.19,70,100,0.45,RU,1699938228
304,labytnangi,66.6572,66.4183,-16.96,99,100,1.2,RU,1699938228
305,ashburton,-37.8626,145.0794,17.69,62,100,0.89,AU,1699938228
306,saint-pierre,-21.3393,55.4781,26.82,57,52,2.57,RE,1699938229
307,portoferraio,42.8115,10.3146,17.76,84,100,6.07,IT,1699938229
308,puerto real,36.5282,-6.1901,15.09,88,0,4.12,ES,1699938229
309,la sarre,48.8002,-79.1996,-0.06,96,100,4.88,CA,1699937966
310,amasra,41.7463,32.3863,13.71,68,65,3.69,TR,1699938230
311,evergreen,39.6333,-105.3172,8.07,39,14,0.89,US,1699938230
312,akureyri,65.6835,-18.0878,2.96,75,100,1.03,IS,1699938230
313,pariaman,-0.619,100.12,29.03,82,64,2.54,ID,1699938230
314,belorechensk,44.76,39.87,8.83,95,100,8.51,RU,1699938230
315,mhangura,-16.8939,30.1683,21.88,48,14,3.97,ZW,1699938231
316,lorengau,-2.0226,147.2712,29.05,71,81,3.14,PG,1699938231
317,itaituba,-4.2761,-55.9836,27.26,56,45,1.03,BR,1699938231
318,gillette,44.2911,-105.5022,13.35,20,100,5.81,US,1699938018
319,san patricio,28.017,-97.5169,17.13,89,100,4.81,US,1699938231
320,aykhal,66.0,111.5,-8.53,94,100,3.69,RU,1699938231
321,tarauaca,-8.1614,-70.7656,23.62,96,58,0.67,BR,1699938232
322,kerikeri,-35.2268,173.9474,13.85,93,100,3.52,NZ,1699938232
323,udangudi,8.4333,78.0167,28.1,70,99,7.62,IN,1699938232
324,fisterra,42.9049,-9.2629,18.75,93,100,12.38,ES,1699938232
325,port augusta,-32.5,137.7667,28.16,32,40,7.66,AU,1699938232
326,shalqar,47.8333,59.6,5.3,74,93,6.41,KZ,1699938233
327,kyzyl-mazhalyk,51.1333,90.6,-6.16,83,79,0.45,RU,1699938233
328,mossel bay,-34.1831,22.146,15.96,77,16,5.91,ZA,1699938233
329,puerto aysen,-45.4,-72.7,2.2,99,100,2.34,CL,1699938233
330,laguna,38.421,-121.4238,14.06,77,0,2.06,US,1699938233
331,mchinji,-13.7984,32.8802,21.25,71,20,3.48,MW,1699938234
332,shimoda,34.6667,138.95,17.2,68,76,1.8,JP,1699938234
333,manosque,43.8288,5.7869,11.42,80,94,1.92,FR,1699938234
334,newman,37.3138,-121.0208,12.94,73,30,2.44,US,1699938234
335,yuzhno-kurilsk,44.0306,145.8556,2.43,80,44,8.83,RU,1699938235
336,altai,46.3722,96.2583,-7.91,84,100,4.34,MN,1699938235
337,sandnessjoen,66.0217,12.6316,-2.94,59,0,1.54,NO,1699938235
338,howrah,22.5892,88.3103,27.0,69,20,3.09,IN,1699938069
339,bojnurd,37.4747,57.329,6.97,87,0,0.0,IR,1699938235
340,remire-montjoly,4.9167,-52.2667,25.02,94,0,0.0,GF,1699938236
341,kristiansund,63.1115,7.732,0.36,69,75,1.03,NO,1699938236
342,monte cristo,-31.3431,-63.9444,14.86,69,0,2.02,AR,1699938236
343,collie,-33.3667,116.15,23.28,53,84,4.61,AU,1699938236
344,wheeling,42.1392,-87.929,8.87,53,0,2.06,US,1699938236
345,saudarkrokur,65.7461,-19.6394,-1.59,82,11,4.33,IS,1699938108
346,barah,13.7,30.3667,27.68,30,11,5.25,SD,1699938237
347,hassi messaoud,31.6804,6.0729,12.92,50,0,0.51,DZ,1699938071
348,sumbe,-11.2061,13.8437,25.39,89,100,1.69,AO,1699938237
349,freetown,8.484,-13.2299,25.77,90,7,1.8,SL,1699938237
350,la'ie,21.6477,-157.9253,25.56,75,52,4.02,US,1699938237
351,el abiodh sidi cheikh,32.893,0.5484,12.98,32,5,0.2,DZ,1699938237
352,dawesville,30.9224,-84.0091,15.2,80,40,2.06,US,1699938238
353,constitucion,-35.3333,-72.4167,10.64,78,15,7.24,CL,1699938043
354,rifle,39.5347,-107.7831,3.8,44,0,0.0,US,1699938238
355,ambodifotatra,-16.9833,49.85,24.82,80,60,2.0,MG,1699938238
356,kaihua,23.3687,104.28,15.13,93,100,2.81,CN,1699938238
357,ambon,-3.6954,128.1814,32.08,62,40,4.12,ID,1699938089
358,malakal,9.5334,31.6605,26.88,67,47,1.26,SS,1699938238
359,pisco,-13.7,-76.2167,18.34,88,5,0.0,PE,1699938239
360,atherton,53.5237,-2.4935,11.05,91,64,0.89,GB,1699938239
361,sychevka,55.8252,34.2736,1.27,97,100,4.67,RU,1699938239
362,marine corps base hawaii - mcbh,21.4453,-157.7513,25.56,78,40,2.24,US,1699938239
363,ponta delgada,37.7333,-25.6667,18.4,94,40,1.79,PT,1699938239
364,pathein,16.7833,94.7333,30.12,69,97,4.56,MM,1699938239
365,nantucket,41.2835,-70.0995,3.41,86,100,1.54,US,1699937976
366,isangel,-19.55,169.2667,28.06,57,75,4.63,VU,1699938240
367,kuta,-8.7233,115.1723,28.97,83,75,2.68,ID,1699938240
368,nizhniy odes,63.6445,54.856,-1.25,97,100,4.19,RU,1699938240
369,kittila,67.6647,24.8936,-21.92,77,0,0.51,FI,1699938240
370,punta arenas,-53.15,-70.9167,3.06,70,20,8.23,CL,1699938241
371,al ghayzah,16.2079,52.176,26.49,68,100,1.64,YE,1699938241
372,tual,-5.6667,132.75,27.98,71,56,2.75,ID,1699938241
373,tralee,52.2704,-9.7026,10.68,89,100,7.03,IE,1699938241
374,dzhangala,49.2167,50.3333,7.65,75,100,2.63,KZ,1699938241
375,kingston,17.997,-76.7936,28.53,80,20,1.54,JM,1699937776
376,itoman,26.1247,127.6694,24.11,53,75,5.14,JP,1699938243
377,bargaal,11.2864,51.0773,28.46,72,60,5.95,SO,1699938245
378,mandalgovi,45.7625,106.2708,-0.32,18,26,2.53,MN,1699938246
379,canyon,34.9803,-101.9188,10.47,84,1,4.08,US,1699938246
380,thunder bay,48.4001,-89.3168,-4.01,93,20,1.54,CA,1699937662
381,luderitz,-26.6481,15.1594,16.49,73,0,2.03,NA,1699938247
382,nagasaki,32.7447,129.8736,14.91,58,75,4.12,JP,1699938128
383,banda aceh,5.5577,95.3222,26.37,87,100,3.92,ID,1699938247
384,alegrete,-29.7831,-55.7919,19.51,99,100,2.9,BR,1699938086
385,kirensk,57.7853,108.1119,-2.24,91,100,4.92,RU,1699938248
386,yeppoon,-23.1333,150.7333,34.88,58,0,6.31,AU,1699938248
387,chernomorskoye,45.5039,32.6997,9.93,76,10,1.71,UA,1699938248
388,ceeldheer,3.8488,47.1806,27.34,77,69,0.75,SO,1699938249
389,priozersk,61.0393,30.1291,0.56,86,100,4.51,RU,1699938249
390,vilppula,62.0212,24.5048,-1.79,97,100,1.89,FI,1699938250
391,franklin,39.9667,-83.0166,8.41,62,0,2.57,US,1699938115
392,trevelin,-43.0858,-71.4639,4.71,91,57,2.1,AR,1699938250
393,kuvshinovo,57.0295,34.1725,0.45,97,100,3.71,RU,1699938251
394,dudinka,69.4058,86.1778,-24.62,95,24,2.01,RU,1699938251
395,puerto leguizamo,-0.1934,-74.7819,22.79,98,64,1.26,CO,1699938251
396,nizhnesortymskiy,62.4397,71.7603,-7.7,93,100,8.65,RU,1699938251
397,sidney,-33.8679,151.2073,30.69,67,0,7.72,AU,1699938218
398,tamulte de las sabanas,18.2167,-92.7833,25.61,93,73,1.97,MX,1699938252
399,haiku-pauwela,20.9219,-156.3051,24.47,70,27,4.02,US,1699938252
400,bubaque,11.2833,-15.8333,27.84,67,30,3.39,GW,1699938252
401,vadso,70.0744,29.7487,-0.91,86,75,5.66,NO,1699938252
402,kimbe,-5.5502,150.1429,30.41,62,100,2.09,PG,1699938253
403,alpine,32.835,-116.7664,16.23,38,0,0.0,US,1699938253
404,farmville,37.3021,-78.3919,8.67,93,0,0.0,US,1699938253
405,nadym,65.5333,72.5167,-12.66,91,100,5.68,RU,1699938253
406,selibaby,15.159,-12.1829,25.58,12,24,5.62,MR,1699938254
407,ulanhot,46.0833,122.0833,4.84,26,1,2.55,CN,1699938254
408,sibenik,43.7272,15.9058,16.88,79,100,2.24,HR,1699938254
409,san blas,21.5167,-105.2667,25.22,75,4,1.26,MX,1699938254
410,palmer,42.1584,-72.3287,1.72,82,40,0.0,US,1699938255
411,jayapura,-2.5333,140.7,29.66,86,96,3.08,ID,1699938255
412,male,4.1748,73.5089,28.97,79,75,2.57,MV,1699938255
413,katabu,-4.9333,122.5167,34.45,44,43,2.17,ID,1699938255
414,luau,-10.7073,22.2247,18.8,86,99,1.37,AO,1699938256
415,faya-largeau,17.9257,19.1043,22.87,24,87,12.55,TD,1699938256
416,northam,51.0333,-4.2167,13.12,90,96,9.3,GB,1699938256
417,port mathurin,-19.6833,63.4167,25.6,77,0,3.59,MU,1699938068
418,peniche,39.3558,-9.3811,15.81,93,42,3.03,PT,1699938256
419,ishigaki,24.3448,124.1572,25.07,53,75,7.2,JP,1699938257
420,parkes,-33.1333,148.1833,30.2,15,100,0.45,AU,1699938257
421,toliara,-23.35,43.6667,25.52,62,13,4.26,MG,1699938257
422,taroa,8.7058,171.2275,27.39,82,90,7.2,MH,1699938257
423,amga,60.8953,131.9608,-17.08,94,90,0.86,RU,1699938259
424,dryden,49.7833,-92.7503,0.16,86,20,4.12,CA,1699938259
425,cascais,38.6979,-9.4215,16.95,93,53,4.02,PT,1699938259
426,biratnagar,26.4831,87.2834,27.13,45,42,1.17,NP,1699938260
427,el hadjira,32.6134,5.5126,16.14,54,0,0.76,DZ,1699938260
428,isabel,10.9267,124.434,28.92,74,95,0.73,PH,1699938260
429,mandera,3.9366,41.867,26.76,75,91,3.41,KE,1699938153
430,kirchenviertel,47.1362,15.3457,6.74,76,0,1.03,AT,1699938260
431,tadine,-21.55,167.8833,23.14,57,68,8.28,NC,1699938261
432,yangju,37.8331,127.0617,9.65,48,54,2.18,KR,1699938261
433,tocopilla,-22.092,-70.1979,18.27,75,11,2.34,CL,1699938114
434,cozumel,20.5083,-86.9458,25.53,95,100,5.0,MX,1699938261
435,garachico,28.7781,-17.7646,18.06,88,0,4.12,ES,1699938261
436,elko,41.0002,-115.5012,2.02,34,100,2.24,US,1699938024
437,daru,-9.0763,143.2092,28.25,64,28,4.92,PG,1699938262
438,guiratinga,-16.3494,-53.7583,25.85,35,39,1.65,BR,1699938262
439,kazerun,29.6195,51.6541,21.76,27,6,1.59,IR,1699938262
440,sao gabriel da cachoeira,-0.1303,-67.0892,24.04,92,68,0.91,BR,1699938033
441,lillesand,58.2488,8.3778,1.05,80,75,10.8,NO,1699938263
442,sarkand,45.41,79.9186,4.25,47,2,1.96,KZ,1699938263
443,alofi,-19.0595,-169.9187,24.94,94,100,4.12,NU,1699938264
444,soe,-9.8607,124.284,30.22,39,23,4.65,ID,1699938264
445,dalian,38.9122,121.6022,9.96,53,0,5.0,CN,1699938264
446,malvan,16.0667,73.4667,29.16,51,97,1.37,IN,1699938264
447,gamba,-2.65,10.0,25.24,88,100,3.0,GA,1699938264
448,verkhnevilyuysk,63.4453,120.3167,-9.19,94,100,2.45,RU,1699938265
449,lycksele,64.5954,18.6735,-17.07,85,0,0.51,SE,1699938265
450,happy valley-goose bay,53.3168,-60.3315,-5.83,73,40,3.6,CA,1699938023
451,autazes,-3.5797,-59.1306,28.9,55,94,0.18,BR,1699938265
452,berriane,32.8265,3.7669,12.45,56,0,0.81,DZ,1699938266
453,koutiala,12.3917,-5.4642,23.65,20,7,2.49,ML,1699938266
454,dakhla,23.6848,-15.958,22.04,49,77,4.31,EH,1699938266
455,choyr,46.3611,108.3611,-6.28,67,81,2.54,MN,1699938266
456,rurrenabaque,-14.4413,-67.5278,27.7,62,70,0.84,BO,1699938267
457,bardai,11.65,7.2333,20.29,18,83,3.42,NG,1699938267
458,bikenibeu village,1.3673,173.1241,26.98,94,75,10.29,KI,1699938267
459,kapuskasing,49.4169,-82.4331,1.05,93,100,4.12,CA,1699938010
460,trubchevsk,52.5798,33.7644,3.08,87,94,4.12,RU,1699938268
461,zemio,5.0314,25.1361,21.2,97,100,1.76,CF,1699938268
462,novaya igirma,57.1334,103.9112,0.41,79,100,5.5,RU,1699938268
463,mount gambier,-37.8333,140.7667,17.83,49,100,3.82,AU,1699938189
464,puerto ayacucho,5.6639,-67.6236,24.56,92,95,1.37,VE,1699938268
465,jutai,-5.1833,-68.9,23.69,97,89,0.81,BR,1699938268
466,russkaya polyana,49.417,31.9201,3.19,83,10,3.19,UA,1699938269
467,basotu,-4.3667,35.0833,19.39,76,89,2.44,TZ,1699938269
468,xam nua,20.4197,104.0439,21.36,69,95,1.34,LA,1699938269
469,dolores,-36.3132,-57.6792,10.66,63,66,2.6,AR,1699938269
470,melekeok village,7.4957,134.6367,30.31,79,100,0.0,PW,1699938270
471,minot,48.2325,-101.2963,3.12,70,0,4.12,US,1699938270
472,sao felix do xingu,-6.6447,-51.995,24.78,58,1,0.44,BR,1699938270
473,castillos,-34.1667,-53.8333,15.22,91,100,2.85,UY,1699938271
474,cabo san lucas,22.8909,-109.9124,27.09,66,19,0.89,MX,1699938256
475,broome,42.2506,-75.833,3.99,81,14,0.89,US,1699938271
476,hami,42.8,93.45,6.64,26,67,1.3,CN,1699938272
477,kalmunai,7.4167,81.8167,28.44,75,61,2.66,LK,1699938272
478,gangneung,37.7556,128.8961,11.31,36,17,1.51,KR,1699938272
479,azadshahr,34.7909,48.5707,1.27,87,0,1.03,IR,1699938005
480,trincomalee,8.5711,81.2335,27.36,81,67,1.66,LK,1699938273
481,sola,-13.8833,167.55,25.74,75,100,9.4,VU,1699938085
482,luanda,-8.8368,13.2343,26.0,89,75,3.6,AO,1699938221
483,kavalerovo,44.2661,135.0572,-0.34,61,10,5.36,RU,1699938273
484,bolivar,37.6145,-93.4105,12.17,53,4,3.82,US,1699938009
485,qingdao,36.0986,120.3719,9.78,23,0,1.0,CN,1699938274
486,laibin,23.7,109.2667,13.45,72,97,3.68,CN,1699938274
487,canmore,51.0834,-115.3521,2.06,93,44,2.57,CA,1699938071
488,igarka,67.4667,86.5833,-18.71,84,27,5.48,RU,1699938274
489,tangalle,6.024,80.7911,27.09,89,98,4.2,LK,1699938275
490,oberstdorf,47.4,10.2833,10.26,97,100,0.45,DE,1699938251
491,morehead city,34.7229,-76.726,13.0,88,0,2.06,US,1699938275
492,yemva,62.59,50.8594,1.88,99,100,2.65,RU,1699938275
493,celestun,20.8667,-90.4,24.83,90,57,4.72,MX,1699938276
494,izyaslav,50.1195,26.8213,3.81,78,86,5.53,UA,1699938276
495,san luis de la loma,17.2706,-100.8939,26.33,84,31,2.66,MX,1699938276
496,carnarvon,-24.8667,113.6333,23.32,62,86,5.05,AU,1699938277
497,enriquillo,17.9,-71.2333,26.03,87,13,5.53,DO,1699938277
498,fort mcmurray,56.7268,-111.381,-3.23,93,100,0.0,CA,1699938277
499,sitka,57.0531,-135.33,6.94,81,100,8.23,US,1699938277
500,kamyshevatskaya,46.4132,37.9563,7.58,85,100,4.79,RU,1699938277
501,ca mau,9.1769,105.15,30.33,68,99,6.08,VN,1699938278
502,fale old settlement,-9.3852,-171.2468,26.79,82,100,0.8,TK,1699938278
503,mhamid,29.82,-5.72,18.62,32,56,0.63,MA,1699938278
504,maceio,-9.6658,-35.7353,23.69,100,20,1.54,BR,1699938186
505,jhulasan,23.3286,72.4731,25.86,27,94,3.8,IN,1699938278
506,los frentones,-26.4077,-61.4137,18.56,97,100,2.85,AR,1699938279
507,puerto armuelles,8.2833,-82.8667,27.27,84,100,3.13,PA,1699938279
508,fuxin,42.0156,121.6589,2.58,80,17,1.2,CN,1699938279
509,westerland,54.9079,8.3033,11.01,87,75,13.38,DE,1699938279
510,marietta,33.9526,-84.5499,12.15,82,75,0.0,US,1699938026
511,amahai,-3.3333,128.9167,29.59,69,70,3.51,ID,1699938280
512,tumut,-35.3,148.2167,20.95,29,100,1.49,AU,1699938280
513,tofol,5.3248,163.0078,26.4,83,100,2.51,FM,1699938280
514,alice springs,-23.7,133.8833,36.75,13,31,2.57,AU,1699938281
515,port blair,11.6667,92.75,30.02,79,75,2.57,IN,1699938282
516,taltal,-25.4,-70.4833,16.15,75,43,1.0,CL,1699938282
517,kyabram,-36.3167,145.05,13.81,66,100,4.32,AU,1699938282
518,nouadhibou,20.931,-17.0347,19.99,56,24,5.66,MR,1699938282
519,moab,38.5733,-109.5498,10.15,23,100,0.89,US,1699938025
520,selfoss,63.9331,-20.9971,6.14,76,78,8.2,IS,1699938283
521,kenai,60.5544,-151.2583,-1.06,91,0,2.06,US,1699938283
522,villa gonzalez ortega,22.5,-101.9167,14.32,80,96,7.06,MX,1699938283
523,timiryazevskoye,56.49,84.8769,-1.75,93,18,1.84,RU,1699938283
524,palikir - national government center,6.9248,158.1611,27.92,66,79,1.66,FM,1699938113
525,sukumo,32.9333,132.7333,15.9,43,0,2.44,JP,1699938284
526,sarangani,5.4033,125.4636,28.72,72,26,2.27,PH,1699938284
527,gowurdak,37.8124,66.0466,17.86,17,72,0.53,TM,1699938284
528,cobija,-11.0267,-68.7692,23.66,91,85,0.88,BO,1699938285
529,tieli,46.95,128.05,-3.15,79,36,1.88,CN,1699938285
530,sisimiut,66.9395,-53.6735,-10.13,75,99,3.7,GL,1699938285
531,bealanana,-14.55,48.7333,23.86,65,79,0.79,MG,1699938285
532,aden,12.7794,45.0367,27.27,73,85,6.23,YE,1699938285
533,les cayes,18.2,-73.75,26.45,81,27,1.31,HT,1699938286
534,burang,30.25,81.1667,1.83,27,57,2.86,CN,1699938286
535,piti village,13.4626,144.6933,32.49,76,75,7.72,GU,1699938286
536,borba,-4.3878,-59.5939,27.97,60,83,1.02,BR,1699938286
537,pontes e lacerda,-15.2261,-59.3353,24.93,71,30,1.27,BR,1699938187
538,boa vista,2.8197,-60.6733,27.99,65,20,4.12,BR,1699938051
539,mel'nikovo,56.5558,84.085,-2.08,75,41,1.53,RU,1699938287
540,griffith,41.5284,-87.4237,7.72,71,0,0.0,US,1699938287
541,belmonte,-15.8631,-38.8828,23.81,84,10,4.34,BR,1699938159
542,kapa'a,22.0752,-159.319,26.99,80,0,8.23,US,1699938287
543,mana,5.6592,-53.7767,25.64,91,5,2.94,GF,1699938287
544,saint-joseph,-21.3667,55.6167,26.21,73,58,2.73,RE,1699938288
545,nagqu,31.5,92.0,1.03,22,100,2.95,CN,1699938288
546,borgarnes,64.5383,-21.9206,7.03,74,95,4.92,IS,1699938289
547,fort st. john,56.2499,-120.8529,-4.06,86,0,5.14,CA,1699938197
548,znin,52.8496,17.7199,10.63,83,97,7.27,PL,1699938289
549,santa rosalia,27.3167,-112.2833,20.55,49,100,1.49,MX,1699938289
550,lerwick,60.1545,-1.1494,6.81,76,71,4.34,GB,1699938033
551,lumut,4.2323,100.6298,25.01,94,40,1.54,MY,1699938289
552,greystones,53.1408,-6.0631,11.6,81,100,5.32,IE,1699938290
553,sarandi del yi,-33.35,-55.6333,14.02,96,100,4.14,UY,1699938266
554,tucupita,9.0622,-62.051,24.01,97,75,1.81,VE,1699938290
555,arroyo,41.6096,-4.7969,13.45,74,100,3.6,ES,1699938290
556,nar'yan-mar,67.6713,53.087,-7.72,96,100,4.02,RU,1699938290
557,bontang,0.1333,117.5,29.64,70,56,2.4,ID,1699938291
558,fortuna,40.5982,-124.1573,13.29,95,100,0.45,US,1699938217
559,kirakira,-10.4544,161.9205,26.93,80,86,2.5,SB,1699938291
560,dubovka,49.0583,44.829,6.53,93,100,1.93,RU,1699938291
561,trikala,39.5553,21.7675,12.95,66,66,0.7,GR,1699938291
562,degema hulk,4.7625,6.752,24.18,90,100,1.7,NG,1699938292
563,muroto-misakicho,33.2833,134.15,14.31,52,0,2.76,JP,1699938292
564,kuacjok,8.3002,27.9903,25.48,73,70,1.4,SS,1699938292
565,filadelfia,39.9523,-75.1638,6.67,80,3,1.34,US,1699938081
566,kailua-kona,19.6406,-155.9956,25.98,82,20,1.54,US,1699938293
567,quang ngai,15.1167,108.8,26.07,88,99,4.41,VN,1699938104
568,carriere,10.0341,-12.8657,18.92,78,2,1.01,GN,1699938293
569,kuzovatovo,53.5468,47.6866,4.08,90,100,4.42,RU,1699938294
570,hailar,49.2,119.7,-8.12,85,70,3.44,CN,1699938294
571,smithers,54.7804,-127.1743,-0.82,100,100,1.03,CA,1699938294
572,valenca do piaui,-6.4075,-41.7456,23.39,44,1,0.81,BR,1699938116
573,lazaro cardenas,17.9583,-102.2,26.07,83,26,1.42,MX,1699938295
574,swakopmund,-22.6833,14.5333,15.47,83,77,1.84,NA,1699938179
575,middelfart,55.5059,9.7305,10.2,92,100,5.46,DK,1699938295
576,warrnambool,-38.3833,142.4833,19.64,68,100,4.52,AU,1699938295
